from_stop_id;to_stop_id;weight
2035;2067;2
2067;1725;1
1725;1751;2
1751;1832;1
1832;1698;2
1698;1955;2
1955;2062;2
2062;1642;2
1642;1892;2
1892;2036;1
2036;1864;1
1864;1773;1
1773;1688;1
1688;1980;2
1980;2083;1
2083;1945;2
1945;1961;1
1961;2028;1
2028;2048;2
2048;1755;1
1755;1856;2
1856;1803;2
1803;1933;1
1933;1887;3
1833;2058;1
2058;2041;1
2041;1788;2
1788;1784;1
1784;1812;1
1812;2079;1
2079;2087;2
2087;1978;1
1978;1900;1
1900;1674;2
1674;1910;1
1910;2086;2
2086;2046;1
2046;1791;1
1791;2071;1
2071;1795;2
1795;1707;1
1707;1629;2
1629;1822;1
1822;1989;1
1989;1684;1
1684;2029;2
2029;1694;1
1694;1736;3
1833;2058;2
2041;1788;1
1784;1812;2
2079;2087;1
2087;1978;2
1900;1674;1
1674;1910;2
1910;2086;1
2086;2046;2
2071;1795;1
1795;1707;2
1707;1629;1
1822;1989;2
1684;2029;1
2029;1694;2
1694;1736;2
1949;1737;2
1737;1950;1
1950;1785;2
1785;1728;1
1728;1779;1
1779;1766;2
1766;1683;1
1683;2050;1
2050;1765;1
1765;1662;1
1662;2007;1
2007;1760;2
1760;1846;1
1846;1889;1
1889;1722;1
1722;1935;2
1935;1630;1
1630;1881;2
1881;1634;1
1634;1786;1
1786;1738;1
1738;1862;1
1862;2044;2
2044;1802;1
2341;2163;2
2163;2329;1
2329;2416;1
2416;2396;2
2396;2514;1
2514;2277;1
2277;2510;1
2510;2260;2
2260;2467;1
2467;2285;2
2285;2313;1
2313;2438;1
2438;2196;1
2196;2542;1
2542;2375;1
2375;2099;2
2099;2493;1
2493;2376;1
2376;2389;1
2389;2471;2
2471;2395;1
2395;2205;2
2205;2415;1
2415;2204;2
1752;1718;2
1718;1783;1
1783;1659;1
1752;1718;1
1742;1668;1
1668;1655;1
1655;2033;1
2033;2061;1
2061;1957;2
1957;1953;1
1953;2034;1
2034;1677;1
1677;1764;1
1764;1934;1
1934;1855;2
1855;1964;1
1964;1975;1
1975;1729;1
1729;1845;1
1845;1721;1
1721;1733;1
1733;1731;2
1731;1824;1
1824;1692;1
1692;1645;1
1645;1996;1
1996;1828;2
1828;2040;1
2040;1735;1
1735;4028973;2
2089;2072;3
2072;1932;2
1932;1891;1
1891;1746;2
1746;1772;1
1772;1922;2
1922;1901;1
1901;1675;1
1675;1958;2
1958;2076;2
2076;1898;2
1898;1767;2
1767;1843;1
1843;1700;1
1700;2008;2
2008;2063;1
2063;1759;2
1759;1951;1
1951;1641;2
1641;2017;1
2017;1793;3
2403;2136;1
2136;2521;1
2521;2206;2
2206;2437;1
2437;2112;2
2112;2164;1
2164;2445;2
2445;2310;1
2310;2377;2
2377;2294;1
2294;2125;2
2125;2213;2
2213;2485;2
2485;2297;1
2297;2247;1
2247;2382;1
2382;2424;2
2424;2287;1
2287;2257;2
2257;2121;2
2121;2550;4
1834;1789;1
1789;2065;1
2065;2081;2
2081;2082;1
2082;2068;1
2068;1644;1
1644;1974;1
1974;1836;1
1836;1794;1
1794;1987;2
1987;1962;1
1962;1640;1
1640;1997;2
1997;1763;1
1763;1930;1
1930;1825;1
1825;1781;2
1781;1665;1
1665;2016;1
2016;1657;1
1657;1926;1
1926;2069;1
2069;1780;1
1780;1687;2
1687;2073;1
2073;1909;1
1909;2030;2
1834;1789;2
2065;2081;1
2068;1644;2
1794;1987;1
1987;1962;2
1640;1997;1
1930;1825;2
1825;1781;1
1657;1926;2
1780;1687;1
1911;1944;2
1944;2055;2
2055;1744;2
1744;1985;2
1985;2080;1
2080;1703;1
1703;1676;1
1676;1860;1
1860;2085;2
2085;1954;1
1954;1800;2
1800;2015;1
2015;1849;1
1849;1971;1
1971;1847;2
1847;1757;2
1757;1774;1
1774;1806;1
1806;1966;2
1966;1805;1
1805;1681;1
1681;1907;2
1907;1649;1
1649;2020;1
2020;1854;2
1854;1648;1
1648;1685;1
1685;1876;1
1876;1925;2
1925;1639;2
1639;1696;1
1696;1695;2
1876;1808;2
1808;1740;1
1740;1734;1
1734;1790;1
1790;1871;2
2301;2400;2
2400;2412;2
2412;2418;1
2418;2347;1
2347;2272;2
2272;2495;1
2495;2528;1
2528;2321;2
2321;2139;1
2139;2529;1
2529;2232;2
2232;2491;1
2491;2344;2
2344;2221;1
2221;2345;1
2345;2384;2
2384;2435;1
2435;2314;2
2314;2226;1
2226;2316;2
2316;2134;1
2134;2373;1
2373;2209;1
2209;2546;2
2546;2327;1
2327;2486;1
2486;2448;2
2448;2093;1
2093;2175;1
2175;2422;1
2422;2104;2
2104;2199;2
2199;2236;2
1756;1635;1
1635;2002;2
2002;2013;1
2013;2075;1
2075;1902;1
1902;1861;2
1756;1797;2
1797;2002;1
3343334;3343336;1
3343336;3343338;1
3343338;3343746;1
3343746;3343753;1
3343753;3343755;2
3343755;3343757;1
3343757;3343759;1
3343759;3343761;2
3343761;3343763;2
3343763;3343765;1
3343765;3343767;1
3343767;3343769;1
3343769;3343771;1
3343771;3343773;1
3343773;3343775;2
3343775;3343777;1
3343777;3343779;2
3343779;3343781;1
3343781;3343783;1
3343783;3343785;1
3343785;3343787;1
3343787;3343789;1
3343789;3343791;2
3343791;3343793;1
3343793;3343795;1
3343795;3343797;1
3343797;3343799;2
3343799;3343801;1
3343801;3343803;2
3343803;3343805;2
3343805;3343807;1
3343807;3343809;2
3343809;3343811;2
3343811;3343813;2
3343813;3343815;1
3343815;3343817;2
3343817;3343819;3
3343825;3343818;2
3343818;3343816;2
3343816;3343814;2
3343814;3343812;2
3343812;3343810;1
3343810;3343808;2
3343808;3343806;2
3343806;3343804;1
3343804;3343802;2
3343802;3343800;1
3343800;3343798;2
3343798;3343796;1
3343796;3343794;1
3343794;3343792;2
3343792;3343790;1
3343790;3343788;1
3343788;3343786;2
3343786;3343784;1
3343784;3343782;1
3343782;3343780;1
3343780;3343778;1
3343778;3343776;2
3343776;3343774;1
3343774;3343772;1
3343772;3343770;1
3343770;3343768;2
3343768;3343766;1
3343766;3343764;1
3343764;3343762;2
3343762;3343760;2
3343760;3343758;1
3343758;3343756;2
3343756;3343754;1
3343754;3343752;1
3343752;3343339;1
3343339;3343337;1
3343337;3343335;2
1804;2088;1
2088;1884;1
1884;1747;3
1747;1936;1
1936;1816;1
1816;1814;1
1814;1899;2
1899;1762;1
1762;1917;1
1917;1708;2
1708;1637;1
1637;1895;2
1895;2043;1
2043;1946;2
1946;1730;1
1730;1819;2
1819;1715;1
1715;1890;1
1890;1972;2
1972;1702;1
1702;1712;1
1712;2001;1
2001;1678;2
1678;1647;2
1647;1844;1
1844;1714;2
1714;1633;1
1633;2032;1
2032;1709;1
1709;1651;2
1651;2014;1
2014;1882;1
1882;1745;2
1745;1704;2
1704;1993;1
1993;1873;2
2005;2004;2
2004;1817;3
1817;2026;1
2026;1818;1
1818;1903;1
1903;2031;2
2031;2057;1
2057;1916;2
1916;1661;1
1661;1927;2
1927;1690;1
1690;1666;1
1666;1867;2
1867;1653;1
1653;1977;1
1977;1811;1
1811;2018;2
2018;1908;1
1908;1952;3
2207;2233;2
2233;2137;1
2137;2350;1
2350;2167;1
2167;2533;1
2533;2334;2
2334;2476;1
2476;2500;1
2500;2252;2
2252;2541;1
2541;2241;2
2241;2106;1
2106;2150;2
2150;2299;1
2299;2256;2
2256;2354;1
2354;2346;2
2346;2193;2
2193;2194;3
1875;1753;2
1753;1682;1
1682;1798;1
1798;1905;1
1905;1758;1
1758;2066;2
2066;1963;1
1963;967988;1
967988;2051;1
2051;1761;2
1761;1893;1
1893;1965;1
1875;1753;1
1753;1682;2
1758;2066;1
967988;2051;2
2051;1761;1
1870;1986;1
1986;1750;2
1750;1984;2
1984;1691;1
1691;1632;1
1632;1782;1
1782;1938;2
1938;1826;1
1826;1842;1
1842;1646;1
1646;1667;1
1667;1710;2
1710;1669;1
1669;2052;1
2052;1982;1
1982;1869;2
1869;1723;2
1723;1686;1
1686;1841;1
1841;1720;1
1720;1792;2
1792;2037;1
2037;1920;1
1920;1906;2
1906;1883;1
1883;1886;1
1886;1743;2
1743;3901291;3
1969;1880;2
1880;1879;1
1879;1749;2
1749;1799;2
1799;1787;1
1787;1948;1
1948;1827;2
1827;1928;1
1928;1719;1
1719;1638;2
1638;1897;1
1897;2025;1
2025;1820;2
1820;1724;2
1724;1858;2
1858;1796;1
1796;1656;1
1656;2009;2
2009;1741;2
1741;1872;1
1872;1947;3
1947;1662795;2
1662795;1662797;2
1969;1880;1
1880;1879;2
1749;1799;1
1787;1948;2
1948;1827;1
1827;1928;2
1719;1638;1
1897;2025;2
1724;1858;1
1858;1796;2
1656;1888;1
1888;1748;2
1748;1959;2
1959;1874;1
1874;1692060;2
1692060;1717;2
1717;1716;2
1716;140078;2
1928;1719;2
2025;1820;1
1820;1724;3
1656;1888;2
1888;1748;1
1959;1874;2
1166840;1166838;1
1166838;6129304;2
6129304;1166834;2
1166834;1166832;3
1166832;1166830;2
1166830;1166828;1
1166828;1166826;2
1166826;1166824;2
1166832;1166830;1
1166830;1166828;2
1670;1851;3
1851;1850;2
1850;1970;3
1970;1713;2
1713;1831;2
1831;1830;2
1830;1829;3
1829;1913;2
1913;2084;4
2084;2053;3
2053;1967;3
1967;1956;3
1956;1835;2
1835;1631;4
1631;1943;2
1943;1838;2
1838;1904;3
1904;1671;2
1671;1848;2
1848;2024;2
2024;1919;2
1919;1680;3
1680;2074;4
48429;2022;3
2022;2021;3
2021;48433;4
48433;1983;3
1983;2039;3
2039;1878;6
1878;1643;2
1643;1894;3
1894;1829;6
1631;1689;4
1689;1652;5
1652;1840;3
1840;1839;3
1839;1859;2
1859;1636;2
1636;2012;4
2012;161468;4
161468;1885;3
48431;1706;3
1706;1777;5
1777;1628;2
1628;1663;3
1663;2056;4
2056;2070;2
2070;1999;2
1999;1923;3
1923;2054;3
2054;1918;3
1918;2077;6
2077;1968;3
1968;1672;2
1672;1866;2
1866;1650;2
1650;1998;2
1998;1976;2
1976;1960;2
1960;1921;1
1921;2047;3
2047;2059;1
2059;2006;3
2006;1778;2
1778;1912;1
1912;2045;2
2045;1941;2
1941;1853;1
1853;1810;2
1810;1809;3
1821;1697;4
1697;1693;3
1693;1664;3
1664;2056;4
2006;1660;2
1660;1942;2
1942;1705;3
2067;2035;2
1725;2067;1
1751;1725;2
1832;1751;1
1698;1832;2
1955;1698;2
2062;1955;2
1642;2062;2
1892;1642;2
2036;1892;1
1864;2036;1
1773;1864;1
1688;1773;1
1980;1688;2
2083;1980;1
1945;2083;2
1961;1945;1
2028;1961;1
2048;2028;2
1755;2048;1
1856;1755;2
1803;1856;2
1933;1803;1
1887;1933;3
2058;1833;1
2041;2058;1
1788;2041;2
1784;1788;1
1812;1784;1
2079;1812;1
2087;2079;2
1978;2087;1
1900;1978;1
1674;1900;2
1910;1674;1
2086;1910;2
2046;2086;1
1791;2046;1
2071;1791;1
1795;2071;2
1707;1795;1
1629;1707;2
1822;1629;1
1989;1822;1
1684;1989;1
2029;1684;2
1694;2029;1
1736;1694;3
2058;1833;2
1788;2041;1
1812;1784;2
2087;2079;1
1978;2087;2
1674;1900;1
1910;1674;2
2086;1910;1
2046;2086;2
1795;2071;1
1707;1795;2
1629;1707;1
1989;1822;2
2029;1684;1
1694;2029;2
1736;1694;2
1737;1949;2
1950;1737;1
1785;1950;2
1728;1785;1
1779;1728;1
1766;1779;2
1683;1766;1
2050;1683;1
1765;2050;1
1662;1765;1
2007;1662;1
1760;2007;2
1846;1760;1
1889;1846;1
1722;1889;1
1935;1722;2
1630;1935;1
1881;1630;2
1634;1881;1
1786;1634;1
1738;1786;1
1862;1738;1
2044;1862;2
1802;2044;1
2163;2341;2
2329;2163;1
2416;2329;1
2396;2416;2
2514;2396;1
2277;2514;1
2510;2277;1
2260;2510;2
2467;2260;1
2285;2467;2
2313;2285;1
2438;2313;1
2196;2438;1
2542;2196;1
2375;2542;1
2099;2375;2
2493;2099;1
2376;2493;1
2389;2376;1
2471;2389;2
2395;2471;1
2205;2395;2
2415;2205;1
2204;2415;2
1718;1752;2
1783;1718;1
1659;1783;1
1718;1752;1
1668;1742;1
1655;1668;1
2033;1655;1
2061;2033;1
1957;2061;2
1953;1957;1
2034;1953;1
1677;2034;1
1764;1677;1
1934;1764;1
1855;1934;2
1964;1855;1
1975;1964;1
1729;1975;1
1845;1729;1
1721;1845;1
1733;1721;1
1731;1733;2
1824;1731;1
1692;1824;1
1645;1692;1
1996;1645;1
1828;1996;2
2040;1828;1
1735;2040;1
4028973;1735;2
2072;2089;3
1932;2072;2
1891;1932;1
1746;1891;2
1772;1746;1
1922;1772;2
1901;1922;1
1675;1901;1
1958;1675;2
2076;1958;2
1898;2076;2
1767;1898;2
1843;1767;1
1700;1843;1
2008;1700;2
2063;2008;1
1759;2063;2
1951;1759;1
1641;1951;2
2017;1641;1
1793;2017;3
2136;2403;1
2521;2136;1
2206;2521;2
2437;2206;1
2112;2437;2
2164;2112;1
2445;2164;2
2310;2445;1
2377;2310;2
2294;2377;1
2125;2294;2
2213;2125;2
2485;2213;2
2297;2485;1
2247;2297;1
2382;2247;1
2424;2382;2
2287;2424;1
2257;2287;2
2121;2257;2
2550;2121;4
1789;1834;1
2065;1789;1
2081;2065;2
2082;2081;1
2068;2082;1
1644;2068;1
1974;1644;1
1836;1974;1
1794;1836;1
1987;1794;2
1962;1987;1
1640;1962;1
1997;1640;2
1763;1997;1
1930;1763;1
1825;1930;1
1781;1825;2
1665;1781;1
2016;1665;1
1657;2016;1
1926;1657;1
2069;1926;1
1780;2069;1
1687;1780;2
2073;1687;1
1909;2073;1
2030;1909;2
1789;1834;2
2081;2065;1
1644;2068;2
1987;1794;1
1962;1987;2
1997;1640;1
1825;1930;2
1781;1825;1
1926;1657;2
1687;1780;1
1944;1911;2
2055;1944;2
1744;2055;2
1985;1744;2
2080;1985;1
1703;2080;1
1676;1703;1
1860;1676;1
2085;1860;2
1954;2085;1
1800;1954;2
2015;1800;1
1849;2015;1
1971;1849;1
1847;1971;2
1757;1847;2
1774;1757;1
1806;1774;1
1966;1806;2
1805;1966;1
1681;1805;1
1907;1681;2
1649;1907;1
2020;1649;1
1854;2020;2
1648;1854;1
1685;1648;1
1876;1685;1
1925;1876;2
1639;1925;2
1696;1639;1
1695;1696;2
1808;1876;2
1740;1808;1
1734;1740;1
1790;1734;1
1871;1790;2
2400;2301;2
2412;2400;2
2418;2412;1
2347;2418;1
2272;2347;2
2495;2272;1
2528;2495;1
2321;2528;2
2139;2321;1
2529;2139;1
2232;2529;2
2491;2232;1
2344;2491;2
2221;2344;1
2345;2221;1
2384;2345;2
2435;2384;1
2314;2435;2
2226;2314;1
2316;2226;2
2134;2316;1
2373;2134;1
2209;2373;1
2546;2209;2
2327;2546;1
2486;2327;1
2448;2486;2
2093;2448;1
2175;2093;1
2422;2175;1
2104;2422;2
2199;2104;2
2236;2199;2
2013;2002;1
2075;2013;1
1902;2075;1
1861;1902;2
1797;1756;2
2002;1797;1
3343336;3343334;1
3343338;3343336;1
3343746;3343338;1
3343753;3343746;1
3343755;3343753;2
3343757;3343755;1
3343759;3343757;1
3343761;3343759;2
3343763;3343761;2
3343765;3343763;1
3343767;3343765;1
3343769;3343767;1
3343771;3343769;1
3343773;3343771;1
3343775;3343773;2
3343777;3343775;1
3343779;3343777;2
3343781;3343779;1
3343783;3343781;1
3343785;3343783;1
3343787;3343785;1
3343789;3343787;1
3343791;3343789;2
3343793;3343791;1
3343795;3343793;1
3343797;3343795;1
3343799;3343797;2
3343801;3343799;1
3343803;3343801;2
3343805;3343803;2
3343807;3343805;1
3343809;3343807;2
3343811;3343809;2
3343813;3343811;2
3343815;3343813;1
3343817;3343815;2
3343819;3343817;3
3343818;3343825;2
3343816;3343818;2
3343814;3343816;2
3343812;3343814;2
3343810;3343812;1
3343808;3343810;2
3343806;3343808;2
3343804;3343806;1
3343802;3343804;2
3343800;3343802;1
3343798;3343800;2
3343796;3343798;1
3343794;3343796;1
3343792;3343794;2
3343790;3343792;1
3343788;3343790;1
3343786;3343788;2
3343784;3343786;1
3343782;3343784;1
3343780;3343782;1
3343778;3343780;1
3343776;3343778;2
3343774;3343776;1
3343772;3343774;1
3343770;3343772;1
3343768;3343770;2
3343766;3343768;1
3343764;3343766;1
3343762;3343764;2
3343760;3343762;2
3343758;3343760;1
3343756;3343758;2
3343754;3343756;1
3343752;3343754;1
3343339;3343752;1
3343337;3343339;1
3343335;3343337;2
2088;1804;1
1884;2088;1
1747;1884;3
1936;1747;1
1816;1936;1
1814;1816;1
1899;1814;2
1762;1899;1
1917;1762;1
1708;1917;2
1637;1708;1
1895;1637;2
2043;1895;1
1946;2043;2
1730;1946;1
1819;1730;2
1715;1819;1
1890;1715;1
1972;1890;2
1702;1972;1
1712;1702;1
2001;1712;1
1678;2001;2
1647;1678;2
1844;1647;1
1714;1844;2
1633;1714;1
2032;1633;1
1709;2032;1
1651;1709;2
2014;1651;1
1882;2014;1
1745;1882;2
1704;1745;2
1993;1704;1
1873;1993;2
2004;2005;2
1903;1818;1
2031;1903;2
2057;2031;1
1916;2057;2
1661;1916;1
1927;1661;2
1690;1927;1
1666;1690;1
1867;1666;2
1653;1867;1
1977;1653;1
1811;1977;1
2018;1811;2
1908;2018;1
1952;1908;3
2233;2207;2
2137;2233;1
2350;2137;1
2167;2350;1
2533;2167;1
2334;2533;2
2476;2334;1
2500;2476;1
2252;2500;2
2541;2252;1
2241;2541;2
2106;2241;1
2150;2106;2
2299;2150;1
2256;2299;2
2194;2193;3
1753;1875;2
1682;1753;1
1798;1682;1
1905;1798;1
1758;1905;1
2066;1758;2
1963;2066;1
967988;1963;1
2051;967988;1
1761;2051;2
1893;1761;1
1965;1893;1
1753;1875;1
1682;1753;2
2066;1758;1
2051;967988;2
1761;2051;1
1986;1870;1
1750;1986;2
1984;1750;2
1691;1984;1
1632;1691;1
1782;1632;1
1938;1782;2
1826;1938;1
1842;1826;1
1646;1842;1
1667;1646;1
1710;1667;2
1669;1710;1
2052;1669;1
1982;2052;1
1869;1982;2
1723;1869;2
1686;1723;1
1841;1686;1
1720;1841;1
1792;1720;2
2037;1792;1
1920;2037;1
1906;1920;2
1883;1906;1
1886;1883;1
1743;1886;2
3901291;1743;3
1880;1969;2
1879;1880;1
1749;1879;2
1799;1749;2
1787;1799;1
1948;1787;1
1827;1948;2
1928;1827;1
1719;1928;1
1638;1719;2
1897;1638;1
2025;1897;1
1820;2025;2
1724;1820;2
1858;1724;2
1796;1858;1
1656;1796;1
2009;1656;2
1741;2009;2
1872;1741;1
1947;1872;3
1662795;1947;2
1662797;1662795;2
1880;1969;1
1879;1880;2
1799;1749;1
1948;1787;2
1827;1948;1
1928;1827;2
1638;1719;1
2025;1897;2
1858;1724;1
1796;1858;2
1888;1656;1
1748;1888;2
1959;1748;2
1874;1959;1
1692060;1874;2
1717;1692060;2
1716;1717;2
140078;1716;2
1719;1928;2
1820;2025;1
1724;1820;3
1888;1656;2
1748;1888;1
1874;1959;2
1166838;1166840;1
6129304;1166838;2
1166834;6129304;2
1166832;1166834;3
1166830;1166832;2
1166828;1166830;1
1166826;1166828;2
1166824;1166826;2
1166830;1166832;1
1166828;1166830;2
1851;1670;3
1850;1851;2
1970;1850;3
1713;1970;2
1831;1713;2
1830;1831;2
1829;1830;3
1913;1829;2
2084;1913;4
2053;2084;3
1967;2053;3
1956;1967;3
1835;1956;2
1631;1835;4
1943;1631;2
1838;1943;2
1904;1838;3
1671;1904;2
1848;1671;2
2024;1848;2
1919;2024;2
1680;1919;3
2074;1680;4
2022;48429;3
2021;2022;3
48433;2021;4
1983;48433;3
2039;1983;3
1878;2039;6
1643;1878;2
1894;1643;3
1829;1894;6
1689;1631;4
1652;1689;5
1840;1652;3
1839;1840;3
1859;1839;2
1636;1859;2
2012;1636;4
161468;2012;4
1885;161468;3
1706;48431;3
1777;1706;5
1628;1777;2
1663;1628;3
2056;1663;4
2070;2056;2
1999;2070;2
1923;1999;3
2054;1923;3
1918;2054;3
2077;1918;6
1968;2077;3
1672;1968;2
1866;1672;2
1650;1866;2
1998;1650;2
1976;1998;2
1960;1976;2
1921;1960;1
2047;1921;3
2059;2047;1
2006;2059;3
1778;2006;2
1912;1778;1
2045;1912;2
1941;2045;2
1853;1941;1
1810;1853;2
1809;1810;3
1697;1821;4
1693;1697;3
1664;1693;3
2056;1664;4
1660;2006;2
1942;1660;2
1705;1942;3
1166830;1956;15
1166832;1955;7
1166832;1956;3
1166834;1965;7
1166834;1967;8
1166834;2036;3
1166840;1715;2
1166840;1724;3
1630;1629;1
1645;1763;2
1648;1794;2
1651;1832;2
1653;1845;2
1655;1883;3
1666;1667;1
1672;1729;6
1672;1977;5
1672;2167;5
1675;1674;2
1675;1676;2
1675;2486;2
1676;1674;4
1677;1678;2
1687;1637;2
1722;1166840;3
1722;1715;8
1722;1723;3
1722;1724;2
1723;1166840;3
1723;1715;8
1723;1724;2
1724;1715;8
1752;1753;3
1757;6129304;3
1759;1956;10
1765;1764;2
1766;1647;2
1766;1767;1
1766;2377;2
1766;967988;3
1767;1647;2
1767;967988;3
1774;1773;1
1782;1781;2
1785;1784;2
1792;1791;2
1793;1648;2
1793;1794;2
1793;2528;3
1795;1796;1
1797;1798;1
1817;1816;1
1820;1819;1
1824;1825;6
1824;1826;2
1824;1827;7
1825;1827;2
1826;1825;7
1826;1827;6
1833;1651;3
1833;1832;1
1834;1651;3
1834;1832;2
1834;1833;2
1834;1835;3
1835;1651;3
1835;1832;4
1835;1833;4
1843;1844;2
1846;1847;2
1846;2053;4
1846;2314;2
1847;2053;4
1855;1967;2
1860;1861;1
1869;1166838;3
1889;1890;1
1893;1892;3
1901;1900;4
1901;1902;3
1902;1900;2
1908;1907;0
1908;2232;1
1913;1887;3
1916;1657;2
1927;1928;3
1946;1945;5
1950;1659;1
1951;1956;10
1952;1951;2
1952;1956;13
1952;2206;3
1953;1954;1
1953;2209;2
1956;1955;4
1957;1910;7
1958;1910;7
1958;1957;3
1964;1166834;3
1964;1965;7
1964;1966;4
1964;2036;1
1964;2221;4
1965;2036;4
1966;1166834;6
1966;1965;4
1966;1967;7
1966;2036;4
1967;1965;8
1967;2036;7
1968;1166834;6
1968;1855;2
1968;1965;8
1968;1966;9
1968;1967;5
1968;2036;6
1968;2221;9
1971;1972;2
1982;1980;2
1996;1997;2
1998;1996;2
1998;1997;3
2025;2083;2
2029;2028;1
2030;2028;1
2030;2029;1
2030;2084;4
2050;2051;2
2053;1890;4
2061;2086;2
2063;2062;1
2068;1166830;3
2068;1956;15
2076;1953;1
2076;1954;1
2076;2209;1
2077;1910;6
2077;1957;3
2077;1958;2
2077;2213;2
2084;2028;3
2084;2029;2
2087;2066;2
2099;2051;2
2112;2062;1
2125;1953;2
2125;1954;1
2125;2209;0
2205;1659;2
2206;1956;10
2207;1951;2
2207;1956;13
2207;2206;2
2213;1910;7
2213;1957;3
2221;1166834;6
2221;1965;4
2221;1967;7
2221;2036;4
2226;1972;2
2233;1907;1
2233;2232;1
2241;1657;2
2252;1928;3
2285;1890;1
2297;1900;4
2297;1902;3
2310;1844;2
2313;1847;1
2313;2053;5
2313;2314;2
2314;2053;5
2327;1861;1
2354;1814;1
2375;1764;2
2376;1647;2
2376;1767;1
2376;2377;3
2376;967988;3
2377;1647;2
2377;967988;3
2384;1773;1
2395;1784;2
2403;1648;2
2403;1794;2
2403;2528;2
2435;6129304;3
2437;1956;10
2467;1166840;3
2467;1715;8
2467;1723;4
2467;1724;2
2476;1667;2
2485;1674;2
2485;1676;2
2485;2486;2
2486;1674;4
2510;1629;1
2528;1794;2
2533;1845;2
3343755;1657;3
3343755;1916;3
3343755;2241;3
3343756;1657;3
3343756;1916;3
3343756;2241;3
3343761;1897;3
3343762;1897;3
3343763;1980;3
3343763;1982;3
3343764;1980;3
3343764;1982;3
3343765;1166838;3
3343765;1869;3
3343766;1166838;3
3343766;1869;3
3343767;1846;3
3343767;1847;3
3343767;2053;3
3343767;2313;3
3343767;2314;3
3343768;1846;3
3343768;1847;3
3343768;2053;3
3343768;2313;3
3343768;2314;3
3343769;1702;3
3343770;1702;3
3343771;1712;3
3343772;1712;3
3343773;2001;3
3343774;2001;3
3343775;1677;3
3343775;1678;3
3343776;1677;3
3343776;1678;3
3343777;1647;3
3343777;1766;3
3343777;1767;3
3343777;2376;3
3343777;2377;3
3343777;967988;3
3343778;1647;3
3343778;1766;3
3343778;1767;3
3343778;2376;3
3343778;2377;3
3343778;967988;3
3343785;2062;3
3343785;2063;3
3343785;2112;3
3343786;2062;3
3343786;2063;3
3343786;2112;3
3343791;1698;3
3343792;1698;3
3343795;2081;3
3343796;2081;3
967988;1647;3
1956;1166830;15
1955;1166832;7
1956;1166832;3
1965;1166834;7
1967;1166834;8
2036;1166834;3
1715;1166840;2
1724;1166840;3
1629;1630;1
1763;1645;2
1794;1648;2
1832;1651;2
1845;1653;2
1883;1655;3
1667;1666;1
1729;1672;6
1977;1672;5
2167;1672;5
1674;1675;2
1676;1675;2
2486;1675;2
1674;1676;4
1678;1677;2
1637;1687;2
1166840;1722;3
1715;1722;8
1723;1722;3
1724;1722;2
1166840;1723;3
1715;1723;8
1724;1723;2
1715;1724;8
1753;1752;3
6129304;1757;3
1956;1759;10
1764;1765;2
1647;1766;2
1767;1766;1
2377;1766;2
967988;1766;3
1647;1767;2
967988;1767;3
1773;1774;1
1781;1782;2
1784;1785;2
1791;1792;2
1648;1793;2
1794;1793;2
2528;1793;3
1796;1795;1
1798;1797;1
1816;1817;1
1819;1820;1
1825;1824;6
1826;1824;2
1827;1824;7
1827;1825;2
1825;1826;7
1827;1826;6
1651;1833;3
1832;1833;1
1651;1834;3
1832;1834;2
1833;1834;2
1835;1834;3
1651;1835;3
1832;1835;4
1833;1835;4
1844;1843;2
1847;1846;2
2053;1846;4
2314;1846;2
2053;1847;4
1967;1855;2
1861;1860;1
1166838;1869;3
1890;1889;1
1892;1893;3
1900;1901;4
1902;1901;3
1900;1902;2
1907;1908;0
2232;1908;1
1887;1913;3
1657;1916;2
1928;1927;3
1945;1946;5
1659;1950;1
1956;1951;10
1951;1952;2
1956;1952;13
2206;1952;3
1954;1953;1
2209;1953;2
1955;1956;4
1910;1957;7
1910;1958;7
1957;1958;3
1166834;1964;3
1965;1964;7
1966;1964;4
2036;1964;1
2221;1964;4
2036;1965;4
1166834;1966;6
1965;1966;4
1967;1966;7
2036;1966;4
1965;1967;8
2036;1967;7
1166834;1968;6
1855;1968;2
1965;1968;8
1966;1968;9
1967;1968;5
2036;1968;6
2221;1968;9
1972;1971;2
1980;1982;2
1997;1996;2
1996;1998;2
1997;1998;3
2083;2025;2
2028;2029;1
2028;2030;1
2029;2030;1
2084;2030;4
2051;2050;2
1890;2053;4
2086;2061;2
2062;2063;1
1166830;2068;3
1956;2068;15
1953;2076;1
1954;2076;1
2209;2076;1
1910;2077;6
1957;2077;3
1958;2077;2
2213;2077;2
2028;2084;3
2029;2084;2
2066;2087;2
2051;2099;2
2062;2112;1
1953;2125;2
1954;2125;1
2209;2125;0
1659;2205;2
1956;2206;10
1951;2207;2
1956;2207;13
2206;2207;2
1910;2213;7
1957;2213;3
1166834;2221;6
1965;2221;4
1967;2221;7
2036;2221;4
1972;2226;2
1907;2233;1
2232;2233;1
1657;2241;2
1928;2252;3
1890;2285;1
1900;2297;4
1902;2297;3
1844;2310;2
1847;2313;1
2053;2313;5
2314;2313;2
2053;2314;5
1861;2327;1
1814;2354;1
1764;2375;2
1647;2376;2
1767;2376;1
2377;2376;3
967988;2376;3
1647;2377;2
967988;2377;3
1773;2384;1
1784;2395;2
1648;2403;2
1794;2403;2
2528;2403;2
6129304;2435;3
1956;2437;10
1166840;2467;3
1715;2467;8
1723;2467;4
1724;2467;2
1667;2476;2
1674;2485;2
1676;2485;2
2486;2485;2
1674;2486;4
1629;2510;1
1794;2528;2
1845;2533;2
1657;3343755;3
1916;3343755;3
2241;3343755;3
1657;3343756;3
1916;3343756;3
2241;3343756;3
1897;3343761;3
1897;3343762;3
1980;3343763;3
1982;3343763;3
1980;3343764;3
1982;3343764;3
1166838;3343765;3
1869;3343765;3
1166838;3343766;3
1869;3343766;3
1846;3343767;3
1847;3343767;3
2053;3343767;3
2313;3343767;3
2314;3343767;3
1846;3343768;3
1847;3343768;3
2053;3343768;3
2313;3343768;3
2314;3343768;3
1702;3343769;3
1702;3343770;3
1712;3343771;3
1712;3343772;3
2001;3343773;3
2001;3343774;3
1677;3343775;3
1678;3343775;3
1677;3343776;3
1678;3343776;3
1647;3343777;3
1766;3343777;3
1767;3343777;3
2376;3343777;3
2377;3343777;3
967988;3343777;3
1647;3343778;3
1766;3343778;3
1767;3343778;3
2376;3343778;3
2377;3343778;3
967988;3343778;3
2062;3343785;3
2063;3343785;3
2112;3343785;3
2062;3343786;3
2063;3343786;3
2112;3343786;3
1698;3343791;3
1698;3343792;3
2081;3343795;3
2081;3343796;3
1647;967988;3